{
	"best_scores": [
		5,
		6,
		6,
		6,
		6,
		10,
		10,
		10,
		10,
		10,
		10,
		10,
		10,
		10,
		10,
		10,
		10,
		10,
		10,
		10,
		10,
		10,
		10,
		10,
		10,
		10,
		10,
		10,
		10,
		10,
		10,
		10,
		10,
		10,
		10,
		10,
		10,
		10,
		10,
		10,
		10,
		10,
		10,
		10,
		10,
		10,
		10,
		10,
		10,
		12,
		12,
		12,
		12,
		12,
		12,
		12,
		12,
		12,
		12,
		12,
		12,
		12,
		12,
		12,
		12,
		12,
		12,
		12,
		12,
		12,
		12,
		12,
		12,
		12,
		12,
		12,
		12,
		12,
		12,
		12,
		12,
		12,
		12,
		12,
		12,
		12,
		12,
		12,
		12,
		12,
		12,
		12,
		12,
		12,
		12,
		12,
		12,
		12,
		12,
		12,
		12,
		12,
		12,
		12,
		12,
		12,
		12,
		12,
		12,
		12,
		12,
		12,
		12,
		12,
		12,
		12,
		12,
		12,
		12,
		12,
		12,
		12,
		12,
		12,
		12,
		12,
		12,
		12,
		12,
		12,
		12,
		12,
		12,
		12,
		12,
		12,
		12,
		12,
		12,
		12,
		12,
		12,
		12,
		12,
		12,
		12,
		12,
		12,
		12,
		12,
		12,
		12,
		12,
		12,
		12,
		12,
		12,
		12,
		12,
		12,
		12,
		12,
		12,
		12,
		12,
		12,
		12,
		12,
		12,
		12,
		12,
		12,
		12,
		12,
		12,
		12,
		12,
		12,
		12,
		12,
		12,
		12,
		12,
		12,
		12,
		12,
		12,
		12,
		12,
		12,
		12,
		12,
		12,
		12,
		12,
		12,
		12,
		12,
		12,
		12,
		12,
		12,
		12,
		12,
		12,
		12,
		14,
		14,
		14,
		14,
		14,
		14,
		14,
		14,
		14,
		14,
		14,
		14,
		14,
		14,
		14,
		14,
		14,
		14,
		14,
		14,
		14,
		14,
		14,
		14,
		14,
		14,
		14,
		14,
		14,
		14,
		14,
		14,
		14,
		14,
		14,
		14,
		14,
		14,
		14,
		14,
		14,
		14,
		14,
		14,
		14,
		14
	],
	"final_reward": [
		-47.6009066826593,
		-29.707617565301,
		-26.6009066826593,
		-32.6009066826593,
		-41.1899794750959,
		-18.0640115239936,
		-29.707617565301,
		-32.6009066826593,
		-26.8057483494417,
		-35.4828726939094,
		-35.4828726939094,
		-32.6009066826593,
		-29.707617565301,
		-41.1899794750959,
		-32.6009066826593,
		-26.8057483494417,
		-29.707617565301,
		-43.9828726939094,
		-41.1899794750959,
		-38.3488980976938,
		-18.0640115239936,
		-23.8970862562825,
		-32.6009066826593,
		-38.3488980976938,
		-41.1899794750959,
		-38.3488980976938,
		-26.8057483494417,
		-43.9828726939094,
		-43.9828726939094,
		-41.1899794750959,
		-46.4828726939094,
		-38.3488980976938,
		-38.3488980976938,
		-41.1899794750959,
		-32.6009066826593,
		-26.8057483494417,
		-43.9828726939094,
		-23.8970862562825,
		-35.4828726939094,
		-35.4828726939094,
		-34.1062574105746,
		-35.4828726939094,
		-38.3488980976938,
		-23.8970862562825,
		-38.3488980976938,
		-41.1899794750959,
		-32.6009066826593,
		-41.1899794750959,
		-38.3488980976938,
		-12.2149235014783,
		-29.707617565301,
		-32.6009066826593,
		-35.4828726939094,
		-38.3488980976938,
		-32.6009066826593,
		-32.6009066826593,
		-35.4828726939094,
		-26.8057483494417,
		-41.1899794750959,
		-32.6009066826593,
		-20.9828726939094,
		-41.1899794750959,
		-35.4828726939094,
		-38.3488980976938,
		-41.1899794750959,
		-26.8057483494417,
		-29.707617565301,
		-38.3488980976938,
		-35.4828726939094,
		-20.9828726939094,
		-35.4828726939094,
		-35.4828726939094,
		-32.6009066826593,
		-26.8057483494417,
		-41.1899794750959,
		-23.8970862562825,
		-32.6009066826593,
		-38.3488980976938,
		-18.0640115239936,
		-38.3488980976938,
		-29.707617565301,
		-35.4828726939094,
		-38.3488980976938,
		-26.8057483494417,
		-23.8970862562825,
		-32.6009066826593,
		-38.3488980976938,
		-15.9598323230887,
		-35.4828726939094,
		-43.9828726939094,
		-41.1899794750959,
		-35.4828726939094,
		-41.1899794750959,
		-41.1899794750959,
		-35.4828726939094,
		-38.3488980976938,
		-38.3488980976938,
		-29.707617565301,
		-43.9828726939094,
		-29.707617565301,
		-35.4828726939094,
		-43.9828726939094,
		-41.1899794750959,
		-43.9828726939094,
		-41.1899794750959,
		-41.1899794750959,
		-38.3488980976938,
		-38.3488980976938,
		-29.707617565301,
		-35.4828726939094,
		-35.4828726939094,
		-43.9828726939094,
		-32.6009066826593,
		-41.1899794750959,
		-12.2149235014783,
		-35.4828726939094,
		-29.707617565301,
		-32.6009066826593,
		-38.3488980976938,
		-35.4828726939094,
		-43.9828726939094,
		-29.707617565301,
		-32.6009066826593,
		-32.6009066826593,
		-38.3488980976938,
		-38.3488980976938,
		-35.4828726939094,
		-35.4828726939094,
		-29.707617565301,
		-29.707617565301,
		-41.1899794750959,
		-26.8057483494417,
		-43.9828726939094,
		-32.6009066826593,
		-29.707617565301,
		-35.4828726939094,
		-32.6009066826593,
		-15.1411850890871,
		-26.8057483494417,
		-43.9828726939094,
		-35.4828726939094,
		-26.8057483494417,
		-26.8057483494417,
		-29.707617565301,
		-32.6009066826593,
		-32.6009066826593,
		-41.1899794750959,
		-35.4828726939094,
		-20.9828726939094,
		-35.4828726939094,
		-35.4828726939094,
		-32.6009066826593,
		-32.6009066826593,
		-35.4828726939094,
		-43.9828726939094,
		-38.3488980976938,
		-23.8970862562825,
		-32.6009066826593,
		-41.1899794750959,
		-18.0640115239936,
		-35.4828726939094,
		-41.1899794750959,
		-32.6009066826593,
		-32.6009066826593,
		-20.9828726939094,
		-32.6009066826593,
		-26.8057483494417,
		-29.707617565301,
		-38.3488980976938,
		-26.8057483494417,
		-35.4828726939094,
		-18.0640115239936,
		-38.3488980976938,
		-29.707617565301,
		-41.1899794750959,
		-26.8057483494417,
		-29.707617565301,
		-35.4828726939094,
		-26.8057483494417,
		-35.4828726939094,
		-32.6009066826593,
		-32.6009066826593,
		-15.1411850890871,
		-26.8057483494417,
		-29.707617565301,
		-32.6009066826593,
		-29.707617565301,
		-46.4828726939094,
		-32.6009066826593,
		-23.8970862562825,
		-23.8970862562825,
		-29.707617565301,
		-35.4828726939094,
		-29.707617565301,
		-23.8970862562825,
		-26.8057483494417,
		-26.8057483494417,
		-35.4828726939094,
		-35.4828726939094,
		-23.8970862562825,
		-29.707617565301,
		-26.8057483494417,
		-32.6009066826593,
		-29.707617565301,
		-41.1899794750959,
		-29.707617565301,
		-6.35370138729637,
		-9.2856483316414,
		-26.8057483494417,
		-29.707617565301,
		-32.6009066826593,
		-38.3488980976938,
		-35.4828726939094,
		-41.1899794750959,
		-26.8057483494417,
		-29.707617565301,
		-35.4828726939094,
		-15.1411850890871,
		-9.2856483316414,
		-18.0640115239936,
		-26.8057483494417,
		-35.4828726939094,
		-32.6009066826593,
		-26.8057483494417,
		-12.2149235014783,
		-26.8057483494417,
		-38.3488980976938,
		-20.9828726939094,
		-29.707617565301,
		-26.8057483494417,
		-38.3488980976938,
		-20.9828726939094,
		-20.9828726939094,
		-23.8970862562825,
		-23.8970862562825,
		-41.1899794750959,
		-26.8057483494417,
		-23.8970862562825,
		-29.707617565301,
		-32.6009066826593,
		-23.8970862562825,
		-29.707617565301,
		-29.707617565301,
		-35.4828726939094,
		-29.707617565301,
		-26.8057483494417,
		-23.8970862562825,
		-32.6009066826593,
		-43.9828726939094,
		-43.9828726939094,
		-29.707617565301,
		-15.1411850890871
	],
	"loss": [],