{
	"best_scores": [
		9,
		9,
		12,
		12,
		12,
		12,
		12,
		12,
		20,
		20,
		20,
		20,
		20,
		20,
		20,
		20,
		20,
		20,
		20,
		20,
		20,
		20,
		20,
		20,
		20,
		20,
		20,
		20,
		20,
		20
	],
	"final_reward": [
		-47.9828726939094,
		-26.8057483494417,
		-12.2149235014783,
		-26.8057483494417,
		-20.9828726939094,
		-32.6009066826593,
		-26.8057483494417,
		-29.707617565301,
		11.2810593285908,
		-3.41936436701311,
		-20.9828726939094,
		-26.8057483494417,
		-3.41936436701311,
		-29.707617565301,
		-29.707617565301,
		-18.0640115239936,
		-12.2149235014783,
		-26.8057483494417,
		-26.8057483494417,
		-29.707617565301,
		-20.9828726939094,
		-20.9828726939094,
		-29.707617565301,
		-26.8057483494417,
		-26.8057483494417,
		-38.3488980976938,
		-20.9828726939094,
		-9.2856483316414,
		-23.8970862562825,
		-12.2149235014783
	],
	"loss": [],
	"scores": [
		9,
		7,
		12,
		7,
		9,
		5,
		7,
		6,
		20,
		15,
		9,
		7,
		15,
		6,
		6,
		10,
		12,
		7,
		7,
		6,
		9,
		9,
		6,
		7,
		7,
		3,
		9,
		13,
		8,
		12
	],
	"scores_means": [
		9,
		8,
		9.33333333333333,
		8.75,
		8.8,
		8.16666666666667,
		8,
		7.75,
		9.11111111111111,
		9.7,
		9.63636363636364,
		9.41666666666667,
		9.84615384615385,
		9.57142857142857,
		9.33333333333333,
		9.375,
		9.52941176470588,
		9.38888888888889,
		9.26315789473684,
		9.1,
		9.09523809523809,
		9.09090909090909,
		8.95652173913044,
		8.875,
		8.8,
		8.57692307692308,
		8.59259259259259,
		8.75,
		8.72413793103448,
		8.83333333333333
	]
}