{
	"best_scores": [
		5,
		6,
		6,
		6,
		6,
		6,
		10,
		10,
		10,
		10,
		10,
		10
	],
	"final_reward": [
		-47.6009066826593,
		-29.707617565301,
		-41.1899794750959,
		-29.707617565301,
		-38.3488980976938,
		-38.3488980976938,
		-18.0640115239936,
		-46.4828726939094,
		-35.4828726939094,
		-20.9828726939094,
		-43.9828726939094,
		-35.4828726939094
	],
	"loss": [],
	"scores": [
		5,
		6,
		2,
		6,
		3,
		3,
		10,
		0,
		4,
		9,
		1,
		4
	],
	"scores_means": [
		5,
		5.5,
		4.33333333333333,
		4.75,
		4.4,
		4.16666666666667,
		5,
		4.375,
		4.33333333333333,
		4.8,
		4.45454545454545,
		4.41666666666667
	]
}